codigo,nome,cidade,estado,população,renda_media,faturamento,subprefeitura,regiao_adm,idh,idh_subprefeitura,população_subprefeitura,densidade_subprefeitura,densidade_bairro,renda_abs_bairro,renda_media_subprefeitura,total_domicilios,percent_domicilios_a1,percent_domicilios_a2,percent_domicilios_b1,percent_domicilios_b2,percent_domicilios_c1,percent_domicilios_c2,percent_domicilios_d,percent_domicilios_e,percent_pop_ate9,percent_pop_de10a14,percent_pop_de15a19,percent_pop_de20a24,percent_pop_de25a34,percent_pop_de35a49,percent_pop_de50a59,percent_pop_mais_de60
3304557060,Abolicao,Rio de Janeiro,RJ,11676,2501.0,932515.0,Grande Méier,Méier,0.857,0.8650625000000001,408744,138.98224401390016,189.45318838228135,29201676.0,2644.252708296636,4349,0.0,0.03334099793055875,0.164405610485169,0.2855828926189929,0.2513221430213842,0.1742929409059554,0.02115428834214762,0.06990112669579214,0.08795820486467969,0.04136690647482014,0.05892428914011648,0.0685166152792052,0.1434566632408359,0.19698526892771498,0.1527920520726276,0.25
3304557057,Agua Santa,Rio de Janeiro,RJ,9003,2391.0,874200.0,Grande Méier,Méier,0.877,0.8650625000000001,408744,138.98224401390016,37.10741076580661,21526173.0,2644.252708296636,2649,0.0,0.0362400906002265,0.15251038127595318,0.24613061532653832,0.24311060777651944,0.1970554926387316,0.029067572668931674,0.09588523971309929,0.09807841830500943,0.044318560479840056,0.06631122959013662,0.0846384538487171,0.19493502165944684,0.23058980339886703,0.12351438409419083,0.15761412862379207
3304557055,Cachambi,Rio de Janeiro,RJ,43591,2963.0,1182272.0,Grande Méier,Méier,0.9,0.8650625000000001,408744,138.98224401390016,193.72055817260687,129160133.0,2644.252708296636,15954,0.009151310016296854,0.043249341857841295,0.2389369437131754,0.24802557352388116,0.229346872257741,0.11796414692240191,0.014604487902720321,0.09872132380594208,0.08751806565575462,0.04370168153976738,0.05918652932944874,0.06593104081117662,0.1505815420614347,0.22082539973847812,0.14363056594251106,0.22862517492142873
3304557058,Encantado,Rio de Janeiro,RJ,15445,2342.0,916012.0,Grande Méier,Méier,0.877,0.8650625000000001,408744,138.98224401390016,145.69380247146495,36172190.0,2644.252708296636,5533,0.0,0.0305440086752214,0.14404482197722754,0.26802819446954634,0.25628049882523046,0.17151635640701246,0.030182541116934754,0.09940357852882704,0.09472321139527355,0.04894787957267724,0.06817740369051473,0.07620589187439301,0.14710262220783424,0.20757526707672386,0.1422466817740369,0.21502104240854644
3304557056,Engenho De Dentro,Rio de Janeiro,RJ,46584,2260.0,903559.0,Grande Méier,Méier,0.857,0.8650625000000001,408744,138.98224401390016,118.82460973370064,105279840.0,2644.252708296636,16708,0.0,0.03423509695954034,0.14669619344026813,0.19583433085946853,0.24982044529566674,0.2418003351687814,0.022983002154656453,0.10863059612161839,0.09930448222565688,0.04793491327494419,0.06669671990382964,0.06995964279580973,0.14738966168641593,0.2062296067319251,0.13936115404430705,0.22312381933711145
3304557051,Engenho Novo,Rio de Janeiro,RJ,43362,2325.0,932007.0,Grande Méier,Méier,0.858,0.8650625000000001,408744,138.98224401390016,163.95190562613428,100816650.0,2644.252708296636,15109,0.0,0.03633595870011252,0.15725726388245417,0.20246210867694753,0.26202925408696803,0.16936925011582502,0.03296048712687802,0.13958567741081473,0.11138785111387851,0.05421797887551312,0.07294405239610718,0.07453530741201975,0.1543056132097228,0.21521147548544808,0.13308887966422214,0.1843088418430884
3304557146,Jacare,Rio de Janeiro,RJ,9538,1374.0,822849.0,Grande Méier,Méier,0.839,0.8650625000000001,408744,138.98224401390016,113.19724661761215,13105212.0,2644.252708296636,2830,0.0,0.00530035335689046,0.0568904593639576,0.17385159010600706,0.22367491166077738,0.27985865724381626,0.0696113074204947,0.19081272084805653,0.13902285594464248,0.06594673935835604,0.07999580624868945,0.07464877332774167,0.16219333193541624,0.20140490668903335,0.11616691130215978,0.160620675193961
3304557052,Lins De Vasconcelos,Rio de Janeiro,RJ,38547,2038.0,932622.0,Grande Méier,Méier,0.859,0.8650625000000001,408744,138.98224401390016,144.4140566461861,78558786.0,2644.252708296636,13007,0.0,0.022295686937802723,0.15868378565387867,0.1831321596063658,0.2246482663181364,0.16252786960867224,0.029215038056431154,0.219497193818713,0.11160401587672192,0.05325965704205256,0.07014813085324409,0.07056320855060057,0.15012841466261967,0.2221443951539679,0.1294523568630503,0.19269982099774302
3304557053,Meier,Rio de Janeiro,RJ,51234,4671.0,1626856.0,Grande Méier,Méier,0.931,0.8650625000000001,408744,138.98224401390016,207.34954874741996,239314014.0,2644.252708296636,19903,0.025624277747073307,0.09410641611817314,0.27448123398482643,0.255690096970306,0.19650303974275235,0.07888258051550018,0.006581922323267849,0.06813043259810078,0.06579615099348089,0.0335519381660616,0.05369481203888043,0.06335636491392435,0.13274388101651247,0.1922551430690557,0.15946441815981574,0.2991372916422688
3304557059,Piedade,Rio de Janeiro,RJ,44603,1944.0,808082.0,Grande Méier,Méier,0.85,0.8650625000000001,408744,138.98224401390016,114.74621182886986,86708232.0,2644.252708296636,15775,0.0,0.006022187004754358,0.13356576862123612,0.2042472266244057,0.2833597464342314,0.25160063391442156,0.03169572107765452,0.08950871632329635,0.10441001726341277,0.04914467636706051,0.06997287177992512,0.07277537385377665,0.14469878707710243,0.21269869739703606,0.13723292155236194,0.20906665470932448
3304557061,Pilares,Rio de Janeiro,RJ,28018,1535.0,826523.0,Grande Méier,Méier,0.831,0.8650625000000001,408744,138.98224401390016,152.57024613373994,43007630.0,2644.252708296636,9828,0.0,0.0,0.09289784289784289,0.16880341880341881,0.27767602767602767,0.2031949531949532,0.0463980463980464,0.21102971102971102,0.10735955457206081,0.05268041973017346,0.07134699121993004,0.07113284317224641,0.14315796987650795,0.20808051966592905,0.13634092369191234,0.2099007780712399
3304557049,Riachuelo,Rio de Janeiro,RJ,13009,2541.0,934074.0,Grande Méier,Méier,0.905,0.8650625000000001,408744,138.98224401390016,140.16808533563193,33055869.0,2644.252708296636,4809,0.0,0.03202328966521106,0.16136410896236222,0.2925764192139738,0.2904969848201289,0.14410480349344978,0.021210230817217717,0.05822416302765648,0.08409562610500423,0.03958797755400108,0.05842109308939965,0.06779921592743485,0.1460527327234991,0.20808670920132216,0.15158736259512645,0.24436928280421247
3304557048,Rocha,Rio de Janeiro,RJ,9012,2667.0,922967.0,Grande Méier,Méier,0.839,0.8650625000000001,408744,138.98224401390016,68.70997255260751,24035004.0,2644.252708296636,3318,0.0,0.03285111512959614,0.19981916817359854,0.2863170584689572,0.26853526220614826,0.11693791440626884,0.025617842073538274,0.0699216395418927,0.07911673324456281,0.0461606746560142,0.06225033288948069,0.06535730137594319,0.14347536617842876,0.2275854416333777,0.14613848202396804,0.22991566799822458
3304557050,Sampaio,Rio de Janeiro,RJ,11203,1751.0,806674.0,Grande Méier,Méier,0.839,0.8650625000000001,408744,138.98224401390016,126.68777564175053,19616453.0,2644.252708296636,3432,0.0,0.014277389277389278,0.0844988344988345,0.1791958041958042,0.25553613053613056,0.29545454545454547,0.045745920745920744,0.1252913752913753,0.13558868160314203,0.059537623850754263,0.08104971882531464,0.08604837989824154,0.16415245916272428,0.2111934303311613,0.10925644916540213,0.15317325716325983
3304557047,Sao Francisco Xavier,Rio de Janeiro,RJ,8578,2317.0,878830.0,Grande Méier,Méier,0.8,0.8650625000000001,408744,138.98224401390016,132.19294190167977,19875226.0,2644.252708296636,3009,0.0,0.030574941841143236,0.15952143569292124,0.23296776337653705,0.2213359920239282,0.19308740445330674,0.04353605849119309,0.11897640412097042,0.11331312660293774,0.058521799953369084,0.07146187922592678,0.08836558638377244,0.16519002098391233,0.20564234087199815,0.12730240149218933,0.17020284448589415
3304557054,Todos Os Santos,Rio de Janeiro,RJ,25341,4001.0,1200769.0,Grande Méier,Méier,0.922,0.8650625000000001,408744,138.98224401390016,250.23205292781674,101389341.0,2644.252708296636,9323,0.0,0.11337552290035396,0.3192105545425292,0.2520647860130859,0.209803711251743,0.08280596374557546,0.0,0.02273946154671243,0.07884456019888718,0.04100074977309499,0.05737737263722821,0.06270470778580167,0.1434828933349118,0.22434000236770452,0.15429541059942387,0.23795430330294778
3304557138,Acari,Rio de Janeiro,RJ,27564,931.0,588833.0,Zona Norte,Pavuna,0.72,0.809265306122449,1838642,138.59117517144483,171.68483338523822,25662084.0,1593.3909744256905,8451,0.0,0.0,0.009702993728552834,0.05987457105667968,0.24139155129570464,0.2946396876109336,0.09785824162820968,0.2965329546799195,0.18614859962269628,0.07937890001451169,0.097845015237266,0.09541430851835728,0.1745029748947903,0.1925700188651865,0.0871789290378755,0.0869612538093165
3304557125,Anchieta,Rio de Janeiro,RJ,57222,1380.0,553020.0,Zona Norte,Anchieta,0.788,0.809265306122449,1838642,138.59117517144483,131.67498906965506,78966360.0,1593.3909744256905,18776,0.0,0.0,0.0579995739241585,0.15024499360886237,0.2721559437579889,0.2887729015764806,0.05714742224115893,0.17367916489135066,0.13416168606480025,0.0659536541889483,0.08549159414211317,0.0803886617035406,0.15134039355492643,0.2144629687882283,0.12507427213309566,0.14312676942434727
3304557139,Barros Filho,Rio de Janeiro,RJ,14446,895.0,746904.0,Zona Norte,Pavuna,0.75,0.809265306122449,1838642,138.59117517144483,83.79836417425605,12929170.0,1593.3909744256905,4870,0.0,0.0,0.011704312114989733,0.06365503080082136,0.25523613963039016,0.24250513347022587,0.075564681724846,0.35133470225872687,0.13934653191194796,0.06686972172227607,0.08881351239097328,0.07676865568323411,0.1479302228990724,0.22220683926346393,0.11947944067561955,0.1385850754534127
3304557079,Bento Ribeiro,Rio de Janeiro,RJ,44941,2048.0,856901.0,Zona Norte,Madureira,0.851,0.809265306122449,1838642,138.59117517144483,147.9392981763118,92039168.0,1593.3909744256905,15790,0.0,0.02235592146928436,0.1201393286890437,0.20348321722609247,0.2818239392020266,0.23597213426219127,0.03299556681443952,0.1032298923369221,0.09961950112369551,0.050621926525889496,0.071004205513896,0.07115996528782181,0.14074008144011035,0.20867359426804033,0.1409180926103113,0.2172626332302352
3304557037,Bonsucesso,Rio de Janeiro,RJ,19237,1944.0,851362.0,Zona Norte,Ramos,0.861,0.809265306122449,1838642,138.59117517144483,87.45283447742874,37396728.0,1593.3909744256905,7086,0.0,0.0,0.1350550381033023,0.1994072819644369,0.35548969799604857,0.18600056449336722,0.02639006491673723,0.09765735252610781,0.09330976763528617,0.044393616468264285,0.06716223943442325,0.07002131309455736,0.1462806050839528,0.2036180277590061,0.14025055881894266,0.2349638717055674
3304557042,Bras De Pina,Rio de Janeiro,RJ,60893,1874.0,755073.0,Zona Norte,Penha,0.835,0.809265306122449,1838642,138.59117517144483,172.88342513201974,114113482.0,1593.3909744256905,20264,0.0,0.024378207658902487,0.08468219502566127,0.18836360047374653,0.2973746545598105,0.2080536912751678,0.03010264508487959,0.16704500592183183,0.11186835925311613,0.05501453369024354,0.07846550506626378,0.07884321679010724,0.1484078629727555,0.2127502340170463,0.12720673969093327,0.18744354851953426
3304557068,Campinho,Rio de Janeiro,RJ,10441,2377.0,878140.0,Zona Norte,Madureira,0.904,0.809265306122449,1838642,138.59117517144483,106.0538344337227,24818257.0,1593.3909744256905,3676,0.0,0.030195865070729053,0.17736670293797607,0.20375408052230687,0.2606093579978237,0.1852557127312296,0.02883569096844396,0.11398258977149076,0.11301599463652907,0.05353893305238962,0.07116176611435686,0.06867158318168758,0.15400823675893113,0.21329374580978833,0.12393448903361746,0.20237525141269994
3304557072,Cascadura,Rio de Janeiro,RJ,35428,1796.0,796395.0,Zona Norte,Madureira,0.833,0.809265306122449,1838642,138.59117517144483,124.79041916167665,63628688.0,1593.3909744256905,12107,0.0,0.00536879491203436,0.11290988684232263,0.19459816635004543,0.29016271578425706,0.2490294870735938,0.04237218138267118,0.10555876765507557,0.11888901433894095,0.05526702043581348,0.07434797335440894,0.073218922885853,0.1479620639042565,0.200716947047533,0.13116743818448684,0.19843061984870725
3304557070,Cavalcanti,Rio de Janeiro,RJ,16597,1499.0,774667.0,Zona Norte,Madureira,0.807,0.809265306122449,1838642,138.59117517144483,86.25851047242867,24878903.0,1593.3909744256905,5585,0.0,0.0,0.05998209489704566,0.17690241718889885,0.3142345568487019,0.2478066248880931,0.05890778871978514,0.14216651745747538,0.12526360185575705,0.06091462312466108,0.078267156715069,0.07670060854371272,0.14526721696692174,0.21100198831114056,0.12038320178345484,0.182201602699283
3304557137,Coelho Neto,Rio de Janeiro,RJ,33338,1425.0,702967.0,Zona Norte,Pavuna,0.806,0.809265306122449,1838642,138.59117517144483,132.71496815286625,47506650.0,1593.3909744256905,11690,0.0,0.0,0.04174508126603935,0.19632164242942687,0.30564585115483317,0.24123182207014543,0.04020530367835757,0.17485029940119762,0.1176735257064011,0.05897174395584618,0.07549943007978883,0.06839042534045234,0.14385985961965325,0.21878936948827163,0.12838202651628772,0.18843361929329894
3304557067,Colegio,Rio de Janeiro,RJ,30071,1221.0,621314.0,Zona Norte,Irajá,0.762,0.809265306122449,1838642,138.59117517144483,132.99279111936667,36716691.0,1593.3909744256905,10031,0.0,0.0,0.024723357591466454,0.1374738311235171,0.28362077559565346,0.3248928322201176,0.05602631841291995,0.1732628850563254,0.13903761098732997,0.0633168168667487,0.07748328954806957,0.08203917395497323,0.15779322270626184,0.21432609490871604,0.1212796381896179,0.14472415283828274
3304557157,Complexo Do Alemao,Rio de Janeiro,RJ,71095,1010.0,88790.0,Zona Norte,Complexo do Alemão,0.711,0.809265306122449,1838642,138.59117517144483,240.11280353946438,71805950.0,1593.3909744256905,22313,0.0,0.0,0.012907273786581814,0.08488325191592345,0.2429525388786806,0.35535338143683054,0.07923631963429391,0.22466723434768968,0.16575005274632534,0.07294465152261059,0.09235529924748576,0.0947324003094451,0.175103734439834,0.20946620718756592,0.09065335114986989,0.09899430339686335
3304557043,Cordovil,Rio de Janeiro,RJ,46478,1480.0,645088.0,Zona Norte,Vigário Geral,0.791,0.809265306122449,1838642,138.59117517144483,120.50923045011409,68787440.0,1593.3909744256905,15456,0.0,0.0,0.06774068322981366,0.15741459627329193,0.297554347826087,0.26222826086956524,0.04677795031055901,0.16828416149068323,0.1232626188734455,0.062244502775506694,0.08107061405396102,0.08283488962519901,0.1537501613666681,0.2015792417918155,0.12044408107061405,0.17481389044279014
3304557140,Costa Barros,Rio de Janeiro,RJ,29244,925.0,607957.0,Zona Norte,Pavuna,0.713,0.809265306122449,1838642,138.59117517144483,161.141723605907,27050700.0,1593.3909744256905,9202,0.0,0.0,0.013366659421864812,0.06857204955444468,0.2447294066507281,0.28515540099978265,0.06868072158226472,0.31949576179091504,0.1741211872520859,0.07864861168102859,0.09810559430994392,0.08524825605252359,0.15709205307071536,0.20376829435097799,0.1004308576118178,0.10258514567090685
3304557148,Del Castilho,Rio de Janeiro,RJ,16051,1889.0,846146.0,Zona Norte,Inhaúma,0.86,0.809265306122449,1838642,138.59117517144483,111.3956554930946,30320339.0,1593.3909744256905,5504,0.0,0.014534883720930232,0.1068313953488372,0.203125,0.2690770348837209,0.2258357558139535,0.030159883720930234,0.1504360465116279,0.10840446078125973,0.05177247523518784,0.07102361223599776,0.0736402716341661,0.15550432994828983,0.20129586941623576,0.12784250202479597,0.21051647872406704
3304557071,Engenheiro Leal,Rio de Janeiro,RJ,6287,1517.0,818442.0,Zona Norte,Madureira,0.807,0.809265306122449,1838642,138.59117517144483,88.76182408583934,9537379.0,1593.3909744256905,1999,0.0,0.0,0.060530265132566284,0.17158579289644824,0.3136568284142071,0.3016508254127064,0.04452226113056528,0.10805402701350675,0.12327024017814538,0.060283123906473675,0.08541434706537299,0.0843009384444091,0.15858119930014317,0.21329728010179735,0.12438364879910928,0.15046922220454906
3304557150,Engenho Da Rainha,Rio de Janeiro,RJ,27411,1620.0,805559.0,Zona Norte,Inhaúma,0.835,0.809265306122449,1838642,138.59117517144483,123.16229331416247,44405820.0,1593.3909744256905,9481,0.0,0.0,0.08849277502373168,0.20124459445206203,0.2897373694757937,0.19881869001160216,0.03754878177407447,0.184157789262736,0.11801831381562146,0.05961110503082704,0.07431323191419503,0.06854912261500858,0.16066542628871622,0.2060851482981285,0.12805078253255991,0.18470686950494328
3304557124,Guadalupe,Rio de Janeiro,RJ,48475,1483.0,779768.0,Zona Norte,Anchieta,0.81,0.809265306122449,1838642,138.59117517144483,126.8979057591623,71888425.0,1593.3909744256905,16741,0.0,0.006869362642613942,0.07508512036318021,0.16934472253748284,0.25625709336359836,0.21068036556955977,0.04474045755928559,0.23702287796427932,0.11686436307374935,0.057287261474987104,0.07214027849406911,0.07086126869520372,0.1484476534296029,0.2081691593604951,0.13122227952552862,0.1950077359463641
3304557145,Higienopolis,Rio de Janeiro,RJ,16177,2336.0,897049.0,Zona Norte,Inhaúma,0.882,0.809265306122449,1838642,138.59117517144483,139.75809935205183,37789472.0,1593.3909744256905,5751,0.0,0.024517475221700575,0.14901756216310208,0.25456442357850806,0.30255607720396455,0.17909928708050774,0.015127803860198226,0.07511737089201878,0.0937132966557458,0.04623848674043395,0.06280521728379798,0.0725721703653335,0.15379860295481237,0.2161711071274031,0.14384620139704518,0.2108549174754281
3304557077,Honorio Gurgel,Rio de Janeiro,RJ,22609,1403.0,722087.0,Zona Norte,Madureira,0.804,0.809265306122449,1838642,138.59117517144483,164.45301134710505,31720427.0,1593.3909744256905,7750,0.0,0.0,0.049935483870967745,0.17780645161290323,0.2735483870967742,0.30890322580645163,0.05509677419354839,0.13470967741935483,0.1289751868724844,0.06147994161617055,0.08001238444867088,0.07359900924410633,0.14715378831438808,0.20881065062585696,0.12238489097262152,0.17758414790570126
3304557149,Inhauma,Rio de Janeiro,RJ,46989,1329.0,688001.0,Zona Norte,Inhaúma,0.81,0.809265306122449,1838642,138.59117517144483,134.8205319484693,62448381.0,1593.3909744256905,15957,0.0,0.0,0.058594973992605125,0.15146957448141882,0.25549915397631134,0.23632261703327692,0.0532054897537131,0.2449081907626747,0.13669156611121752,0.060801464172465895,0.07516652833641917,0.07312349698865692,0.15412117729681415,0.20170678243844303,0.12190087041648046,0.17648811423950286
3304557066,Iraja,Rio de Janeiro,RJ,99102,2140.0,1030856.0,Zona Norte,Irajá,0.798,0.809265306122449,1838642,138.59117517144483,132.52828371981064,212078280.0,1593.3909744256905,35237,0.0,0.018049209637596843,0.13832051536736953,0.23625734313363794,0.28745352896103527,0.19717910151261459,0.03467945625337004,0.0880608451343758,0.0972028818792759,0.047859780831870195,0.06623478839983048,0.06917115698976811,0.1453048374402131,0.20662549696272528,0.1451433876208351,0.22245766987548182
3304557155,Jacarezinho,Rio de Janeiro,RJ,38908,1023.0,527702.0,Zona Norte,Jacarezinho,0.731,0.809265306122449,1838642,138.59117517144483,412.2046826994385,39802884.0,1593.3909744256905,12038,0.0,0.0,0.020435288253862767,0.09245721880711082,0.22063465691975412,0.3301212826050839,0.06604087057650773,0.27031068283768067,0.15063740104862752,0.06906034748637813,0.08869641204893595,0.0970751516397656,0.17451423871697339,0.20980261128816696,0.10260100750488331,0.10761283026626915
3304557046,Jardim America,Rio de Janeiro,RJ,25937,1574.0,795412.0,Zona Norte,Vigário Geral,0.839,0.809265306122449,1838642,138.59117517144483,131.39311043566363,40824838.0,1593.3909744256905,8623,0.0,0.0,0.0874405659283312,0.17522903861765046,0.2892264873014032,0.22532761219993042,0.0502145425026093,0.17256175345007538,0.10205497937309635,0.052974515171376794,0.07684003547056328,0.08910051278096927,0.14963180013108687,0.21841384894166635,0.13370860161159734,0.17727570651964375
3304557073,Madureira,Rio de Janeiro,RJ,51520,1848.0,835847.0,Zona Norte,Madureira,0.831,0.809265306122449,1838642,138.59117517144483,136.02281127891013,95208960.0,1593.3909744256905,17900,0.0,0.006145251396648044,0.09759776536312849,0.23039106145251398,0.306536312849162,0.19921787709497207,0.04659217877094972,0.11351955307262569,0.10885093167701863,0.05458074534161491,0.07284549689440994,0.07583462732919255,0.14650621118012422,0.20258152173913044,0.13718944099378882,0.2016110248447205
3304557036,Manguinhos,Rio de Janeiro,RJ,37180,1039.0,404476.0,Zona Norte,Ramos,0.726,0.809265306122449,1838642,138.59117517144483,141.99511151848458,38630020.0,1593.3909744256905,11267,0.0,0.0,0.010384308156563415,0.07641785745983846,0.2821514156385906,0.3663796929084938,0.08653590130469513,0.17813082453181858,0.18388918773534157,0.08136094674556213,0.09047875201721356,0.08988703604088219,0.1819795589026358,0.2106508875739645,0.08757396449704143,0.0741796664873588
3304557158,Mare,Rio de Janeiro,RJ,133432,1107.0,24651.0,Zona Norte,Maré,0.722,0.809265306122449,1838642,138.59117517144483,312.5749625187406,147709224.0,1593.3909744256905,44266,0.0,0.0,0.014458049067004021,0.09628157050557991,0.2895676139700899,0.3455247819997289,0.0672525188632359,0.18691546559436137,0.16503537382337072,0.07146711433539181,0.09137987888962168,0.09456502188380599,0.18382397026200611,0.21886803765213741,0.08894418130583369,0.0859164218478326
3304557080,Marechal Hermes,Rio de Janeiro,RJ,49419,1675.0,726430.0,Zona Norte,Madureira,0.814,0.809265306122449,1838642,138.59117517144483,127.16535433070867,82776825.0,1593.3909744256905,16954,0.0,0.006901026306476348,0.08935944319924502,0.17606464551138373,0.2759230859974047,0.2622979827769258,0.05491329479768786,0.1345405214108765,0.11894210728667112,0.057407070155203466,0.07687326736680224,0.07484975414314332,0.14445860903701005,0.20801715939213664,0.13423986725753254,0.18521216536150065
3304557147,Maria Da Graca,Rio de Janeiro,RJ,8198,2612.0,905395.0,Zona Norte,Inhaúma,0.86,0.809265306122449,1838642,138.59117517144483,99.36969696969697,21413176.0,1593.3909744256905,2991,0.0,0.034102306920762285,0.20160481444332998,0.24105650284185892,0.28151120026746906,0.15914409896355733,0.013707790036776997,0.0688732865262454,0.09538911929738961,0.04440107343254452,0.058428885093925347,0.06269821907782386,0.15759941449133935,0.20980727006586972,0.14283971700414735,0.22883630153696025
3304557039,Olaria,Rio de Janeiro,RJ,59136,2104.0,860621.0,Zona Norte,Ramos,0.853,0.809265306122449,1838642,138.59117517144483,160.2688492601225,124422144.0,1593.3909744256905,21024,0.0,0.02011986301369863,0.13408485540334855,0.2090943683409437,0.300513698630137,0.1971556316590563,0.033152587519025875,0.10587899543378995,0.10244182900432901,0.04969899891774892,0.06637242965367965,0.06791125541125541,0.14402394480519481,0.21058238636363635,0.13147659632034633,0.22749255952380953
3304557078,Oswaldo Cruz,Rio de Janeiro,RJ,35000,1952.0,858291.0,Zona Norte,Madureira,0.855,0.809265306122449,1838642,138.59117517144483,168.99232292018732,68320000.0,1593.3909744256905,12473,0.0,0.014350998156016996,0.11593040968491942,0.19313717630080976,0.30850637376733747,0.2038803816243085,0.03311152088511184,0.13108313958149603,0.09771428571428571,0.0544,0.07077142857142857,0.07034285714285714,0.13905714285714285,0.2092857142857143,0.14362857142857144,0.2148
3304557044,Parada De Lucas,Rio de Janeiro,RJ,24598,1113.0,630075.0,Zona Norte,Vigário Geral,0.745,0.809265306122449,1838642,138.59117517144483,111.9108280254777,27377574.0,1593.3909744256905,7641,0.0,0.0,0.027352440780002617,0.08977882476115692,0.25925925925925924,0.36160188457008247,0.05496662740478995,0.2070409632247088,0.1407024961378974,0.06524920725262216,0.09606472070900073,0.1015529717863241,0.16261484673550694,0.19452801040735018,0.09756890804130416,0.14171883892999432
3304557126,Parque Anchieta,Rio de Janeiro,RJ,26951,1679.0,744303.0,Zona Norte,Anchieta,0.833,0.809265306122449,1838642,138.59117517144483,69.00250908904707,45250729.0,1593.3909744256905,8993,0.0,0.0,0.07572556432781052,0.19893250305793395,0.3397086622928945,0.23351495607694875,0.027021016346046926,0.1250972978983654,0.11788059812251865,0.057585989388148864,0.07695447293235873,0.06960780676041706,0.14964194278505435,0.22125338577418277,0.12374308931022968,0.1833327149270899
3304557154,Parque Columbia,Rio de Janeiro,RJ,9462,1374.0,789315.0,Zona Norte,Pavuna,0.72,0.809265306122449,1838642,138.59117517144483,62.36899347439193,13000788.0,1593.3909744256905,3114,0.0,0.0,0.04592164418754014,0.1640976236351959,0.3281952472703918,0.20905587668593448,0.0626204238921002,0.1901091843288375,0.13929401817797507,0.07102092580849714,0.09205242020714437,0.07471993236102303,0.14753751849503277,0.22923272035510464,0.10695413231874867,0.1391883322764743
3304557141,Pavuna,Rio de Janeiro,RJ,100006,1384.0,258464.0,Zona Norte,Pavuna,0.79,0.809265306122449,1838642,138.59117517144483,120.32389248502058,138408304.0,1593.3909744256905,32925,0.0,0.0,0.05424449506454062,0.14533029612756265,0.3048443432042521,0.2615641609719058,0.06068337129840547,0.17333333333333334,0.14408135511869288,0.06773593584384936,0.08266504009759415,0.07614543127412356,0.15426074435533868,0.21317720936743795,0.1171329720216787,0.14480131192128473
3304557040,Penha,Rio de Janeiro,RJ,80900,1682.0,593191.0,Zona Norte,Penha,0.84,0.809265306122449,1838642,138.59117517144483,138.2598738741818,136073800.0,1593.3909744256905,25367,0.0,0.009421689596720148,0.08392793787203848,0.18248117633145425,0.30113927543659086,0.23991800370560176,0.042653841605235145,0.14045807545235936,0.11457354758961681,0.05705809641532757,0.09326328800988876,0.10531520395550062,0.15995055624227442,0.193053152039555,0.11322620519159456,0.16355995055624228
3304557041,Penha Circular,Rio de Janeiro,RJ,49165,2005.0,908998.0,Zona Norte,Penha,0.826,0.809265306122449,1838642,138.59117517144483,106.33949041830688,98575825.0,1593.3909744256905,16511,0.0,0.021076857852340862,0.11465083883471625,0.22712131306401792,0.2415359457331476,0.2065895463630307,0.027799648719035796,0.16122584943371085,0.10877656869724397,0.054144208278246723,0.08227397538899624,0.08005695108308757,0.14955761212244484,0.19528119597274485,0.1291365809010475,0.20077290755618835
3304557069,Quintino Bocaiuva,Rio de Janeiro,RJ,32064,2038.0,806166.0,Zona Norte,Madureira,0.85,0.809265306122449,1838642,138.59117517144483,74.15699153522365,65346432.0,1593.3909744256905,11195,0.0,0.023581956230460027,0.10281375614113443,0.20678874497543545,0.3082626172398392,0.24769986601161234,0.02956677087985708,0.08128628852166146,0.10360528942115768,0.0530189620758483,0.06742764471057884,0.07204341317365269,0.14761102794411177,0.21198228542914171,0.13675773453093812,0.20755364271457086
3304557038,Ramos,Rio de Janeiro,RJ,41943,2053.0,766893.0,Zona Norte,Ramos,0.857,0.809265306122449,1838642,138.59117517144483,150.1449794165026,86108979.0,1593.3909744256905,14909,0.0,0.01596351197263398,0.12066536991079214,0.21215373264471124,0.33543497216446444,0.2192635320947079,0.018244013683010263,0.07827486752968006,0.10225782609732256,0.05152230407934578,0.06914145387788188,0.07047659919414444,0.15485301480580788,0.21989366521231193,0.1310111341582624,0.2008440025749231
3304557127,Ricardo De Albuquerque,Rio de Janeiro,RJ,30137,1227.0,720444.0,Zona Norte,Anchieta,0.807,0.809265306122449,1838642,138.59117517144483,142.36383390807313,36978099.0,1593.3909744256905,10357,0.0,0.0,0.04615236072221686,0.15071932026648643,0.23713430530076277,0.24987930868011973,0.038717775417591964,0.27739692961282225,0.12393403457543883,0.06112088130869031,0.08262268971695921,0.0746922387762551,0.1471944785479643,0.22301489862959153,0.1260244881706872,0.16139629027441352
3304557076,Rocha Miranda,Rio de Janeiro,RJ,45436,1570.0,710341.0,Zona Norte,Madureira,0.815,0.809265306122449,1838642,138.59117517144483,157.39772058059376,71334520.0,1593.3909744256905,15769,0.0,0.0,0.06366922442767455,0.20438835690278395,0.3023019849070962,0.2487158348658761,0.03525905257150105,0.14566554632506817,0.11821022977374769,0.057311383044282065,0.07588696188044722,0.0741042345276873,0.14792235231974646,0.20796284884232766,0.1347169645215248,0.18388502509023683
3304557151,Tomas Coelho,Rio de Janeiro,RJ,23316,1567.0,722040.0,Zona Norte,Inhaúma,0.802,0.809265306122449,1838642,138.59117517144483,133.42489270386267,36536172.0,1593.3909744256905,8012,0.0,0.0,0.07888167748377434,0.17898152770843734,0.29006490264603096,0.2874438342486271,0.03806789815277084,0.12656015976035945,0.13248413106879395,0.059744381540572995,0.07943043403671299,0.07681420483787957,0.1602762051809916,0.2114856750729113,0.11777320295076342,0.16199176531137416
3304557075,Turiacu,Rio de Janeiro,RJ,17734,1652.0,798206.0,Zona Norte,Madureira,0.812,0.809265306122449,1838642,138.59117517144483,141.21675426023253,29296568.0,1593.3909744256905,5813,0.0,0.0,0.08635816273868914,0.19869258558403577,0.28677103044899366,0.25477378290039565,0.04094271460519525,0.13246172372269052,0.13832186759896245,0.06129468816961768,0.0826096763279576,0.07945190030449983,0.14773880681177398,0.20937182812676214,0.1258035412202549,0.1554076914401714
3304557074,Vaz Lobo,Rio de Janeiro,RJ,15595,1580.0,797801.0,Zona Norte,Madureira,0.807,0.809265306122449,1838642,138.59117517144483,141.6182346531057,24640100.0,1593.3909744256905,5196,0.0,0.0,0.08679753656658969,0.1716705157813703,0.27136258660508084,0.2588529638183218,0.049846035411855276,0.16147036181678215,0.1223469060596345,0.05694132734850914,0.07367746072459122,0.08079512664315486,0.1624879769156781,0.21160628406540558,0.12433472266752164,0.16781019557550497
3304557063,Vicente De Carvalho,Rio de Janeiro,RJ,25668,1598.0,738591.0,Zona Norte,Irajá,0.773,0.809265306122449,1838642,138.59117517144483,139.826769079915,41017464.0,1593.3909744256905,8803,0.0,0.015562876292173122,0.0654322390094286,0.15892309439963648,0.2510507781438146,0.28194933545382256,0.07236169487674657,0.15471998182437804,0.13101916783543713,0.06291880941249806,0.0820866448496182,0.07195730091943275,0.1532258064516129,0.20718404238740845,0.12151316814710925,0.1700950599968833
3304557045,Vigario Geral,Rio de Janeiro,RJ,43000,1184.0,623144.0,Zona Norte,Vigário Geral,0.763,0.809265306122449,1838642,138.59117517144483,127.01976191179513,50912000.0,1593.3909744256905,13407,0.0,0.0,0.05407622883568285,0.10658611173267696,0.23099873200566867,0.2779145222644887,0.06959051241888566,0.26083389274259716,0.14486046511627906,0.07090697674418604,0.0974186046511628,0.08811627906976745,0.1493953488372093,0.2047906976744186,0.1101860465116279,0.13432558139534884
3304557064,Vila Da Penha,Rio de Janeiro,RJ,26183,2989.0,1100481.0,Zona Norte,Irajá,0.909,0.809265306122449,1838642,138.59117517144483,182.37096886536185,78260987.0,1593.3909744256905,9746,0.0,0.05335522265544839,0.25128257746767907,0.2450235994254053,0.2393802585676175,0.12682126000410424,0.019392571311307203,0.06474451056843833,0.08219073444601459,0.03788717870373907,0.05560860100064927,0.06359087957835237,0.1404728258793874,0.21166405683076805,0.15643738303479357,0.2521483405262957
3304557062,Vila Kosmos,Rio de Janeiro,RJ,18791,2316.0,901446.0,Zona Norte,Irajá,0.876,0.809265306122449,1838642,138.59117517144483,123.68195879681431,43519956.0,1593.3909744256905,6293,0.0,0.041156840934371525,0.12299380263785158,0.21658986175115208,0.305577625933577,0.21913236929922136,0.03019227713332274,0.06435722231050374,0.09589697195465914,0.04901282528870204,0.07673886434995476,0.07780320366132723,0.1330424139215582,0.2098877122026502,0.15539353946037998,0.20222446916076844
3304557065,Vista Alegre,Rio de Janeiro,RJ,8867,2418.0,921875.0,Zona Norte,Irajá,0.86,0.809265306122449,1838642,138.59117517144483,172.10791925465838,21440406.0,1593.3909744256905,3192,0.0,0.02725563909774436,0.17418546365914786,0.2619047619047619,0.29448621553884713,0.15162907268170425,0.023496240601503758,0.06704260651629072,0.08165106574940792,0.04364497575279125,0.06541107477162512,0.06371940904477276,0.13589714672380737,0.20435321980376678,0.1662343520920266,0.2390887560618022
3304557031,Alto Da Boa Vista,Rio de Janeiro,RJ,9606,3727.0,912226.0,Grande Tijuca,Tijuca,0.926,0.9158571428571428,381414,69.13932494652504,3.0499401505602353,35801562.0,6318.844082807657,3154,0.03614457831325301,0.05643627140139505,0.12460367786937222,0.16391883322764744,0.29961953075459735,0.18516169942929614,0.043436905516804056,0.09067850348763475,0.11159691859254632,0.05600666250260254,0.06870705808869457,0.07130959816781178,0.13710181136789507,0.2089319175515303,0.13960024984384758,0.20674578388507184
3304557034,Andarai,Rio de Janeiro,RJ,40476,3443.0,1204467.0,Grande Tijuca,Vila Isabel,0.909,0.9158571428571428,381414,69.13932494652504,178.99438376155308,139358868.0,6318.844082807657,15574,0.01862077822011044,0.0799409271863362,0.23417233851290611,0.21324001541029922,0.21118530884808012,0.15532297418774882,0.01951971234108129,0.06799794529343778,0.08716276311888527,0.042074315643838324,0.06334618045261389,0.0680156141911256,0.14806304970846923,0.19940211483348158,0.14877952366834668,0.24315643838323944
3304557035,Grajau,Rio de Janeiro,RJ,39762,6194.0,1409134.0,Grande Tijuca,Vila Isabel,0.938,0.9158571428571428,381414,69.13932494652504,69.28264013521284,246285828.0,6318.844082807657,15065,0.048921340856289415,0.10063060073016927,0.3084633255891138,0.1970129439097245,0.15486226352472618,0.11549950215731829,0.017192167275141057,0.05741785595751742,0.08978421608570998,0.04041547205874956,0.058095669231929985,0.06611840450681555,0.14418288818469896,0.20904381067350736,0.14413258890397868,0.24822695035460993
3304557032,Maracana,Rio de Janeiro,RJ,25969,6499.0,1384873.0,Grande Tijuca,Vila Isabel,0.944,0.9158571428571428,381414,69.13932494652504,155.75481317099502,168772531.0,6318.844082807657,10445,0.0707515557683102,0.16227860220201054,0.3055050263283868,0.18420296792723792,0.14571565342269027,0.08396361895643849,0.0,0.0475825753949258,0.06530863722130233,0.03246178135469213,0.05275520813277369,0.07397281373945859,0.15479995379105857,0.19769725441873,0.15880472871500637,0.2641996226269783
3304557029,Praca Da Bandeira,Rio de Janeiro,RJ,8908,5324.0,1005886.0,Grande Tijuca,Tijuca,0.867,0.9158571428571428,381414,69.13932494652504,123.739408251146,47426192.0,6318.844082807657,3633,0.03413157170382604,0.08202587393338838,0.2584640792733278,0.2455271125791357,0.172859895403248,0.14781172584640792,0.02064409578860446,0.038535645472061654,0.0721823080377189,0.03603502469690166,0.05624158060170633,0.06656937584193982,0.1504265828468792,0.21149528513695554,0.1438033228558599,0.26324651998203863
3304557030,Tijuca,Rio de Janeiro,RJ,168267,7844.0,2157079.0,Grande Tijuca,Tijuca,0.926,0.9158571428571428,381414,69.13932494652504,167.17036242250836,1319886348.0,6318.844082807657,65661,0.06626460151383622,0.12649822573521574,0.2905225324012732,0.17713711335495957,0.16379586055649473,0.09958727402872329,0.019494068016021687,0.05670032439347558,0.07745428396536456,0.038064504626575624,0.05794362530977554,0.06518212127155057,0.14059203527726769,0.19797702460969768,0.1419886252206315,0.28079777971913683
3304557033,Vila Isabel,Rio de Janeiro,RJ,88426,5118.0,1528242.0,Grande Tijuca,Vila Isabel,0.901,0.9158571428571428,381414,69.13932494652504,274.86245376270557,452564268.0,6318.844082807657,32980,0.04296543359611886,0.07131594906003638,0.2410248635536689,0.18826561552456034,0.19411764705882353,0.15900545785324438,0.02929047907822923,0.07401455427531838,0.09179426865401578,0.04547305091262751,0.06502612353832583,0.06930088435528012,0.152206364643883,0.20620631940831882,0.13603465044217763,0.23395833804537128
3304557082,Anil,Rio de Janeiro,RJ,24855,3727.0,1092081.0,Barra e Jacarepaguá,Jacarepaguá,0.911,0.8419473684210527,934996,30.087873055019852,71.0061707233459,92634585.0,5567.264487762515,8555,0.04149620105201637,0.08872004675628288,0.20701344243132672,0.21776738749269434,0.22232612507305669,0.13500876680303917,0.03810637054354179,0.04956165984804208,0.09764634882317441,0.04936632468316234,0.07149466908066787,0.07258096962381815,0.15007040836853752,0.22422047877690607,0.14306980486823576,0.1915509957754979
3304557131,Barra Da Tijuca,Rio de Janeiro,RJ,139761,18084.0,2915612.0,Barra e Jacarepaguá,Barra da Tijuca,0.972,0.8419473684210527,934996,30.087873055019852,29.02580653200583,2527437924.0,5567.264487762515,54276,0.2470336797111062,0.21497531137150858,0.27304886137519346,0.09589873977448596,0.06332448964551551,0.03391922765126391,0.0,0.07179969047092638,0.09328782707622298,0.037385250534841624,0.053176494157883815,0.061726805045756686,0.1567962450182812,0.2295991013229728,0.1506715034952526,0.21735677334878828
3304557132,Camorim,Rio de Janeiro,RJ,2025,2929.0,876113.0,Barra e Jacarepaguá,Barra da Tijuca,0.746,0.8419473684210527,934996,30.087873055019852,2.2855788440050113,5931225.0,5567.264487762515,695,0.0057553956834532375,0.07482014388489208,0.20719424460431654,0.14964028776978416,0.18992805755395684,0.18992805755395684,0.050359712230215826,0.13237410071942446,0.13925925925925925,0.05925925925925926,0.07654320987654321,0.08641975308641975,0.2271604938271605,0.22320987654320987,0.10222222222222223,0.08592592592592592
3304557084,Cidade De Deus,Rio de Janeiro,RJ,37544,1244.0,488021.0,Barra e Jacarepaguá,Cidade de Deus,0.751,0.8419473684210527,934996,30.087873055019852,311.36175153425114,46704736.0,5567.264487762515,12078,0.0,0.0,0.025169730087762875,0.13305182977314126,0.2788541149196887,0.3460837887067395,0.06060606060606061,0.15623447590660705,0.15696249733645856,0.07218197315150224,0.09285105476241211,0.08443426379714468,0.14990411250799063,0.21614638823780097,0.09887065842744513,0.12864905177924568
3304557085,Curicica,Rio de Janeiro,RJ,32069,1892.0,748387.0,Barra e Jacarepaguá,Jacarepaguá,0.828,0.8419473684210527,934996,30.087873055019852,96.02647023595641,60674548.0,5567.264487762515,10704,0.0,0.010930493273542601,0.09426382660687593,0.218796711509716,0.3125,0.21851644245142002,0.047739162929745886,0.09725336322869955,0.12407621067074122,0.059621441267267455,0.08353861985094639,0.07770744332532976,0.15697402475911315,0.22598147743927158,0.12273535189747108,0.14936543078985937
3304557086,Freguesia (Jacarepagua),Rio de Janeiro,RJ,72501,5118.0,1297388.0,Barra e Jacarepaguá,Jacarepaguá,0.898,0.8419473684210527,934996,30.087873055019852,69.73865199449794,371060118.0,5567.264487762515,25598,0.027267755293382295,0.1003594030783655,0.23603406516134073,0.19302289241346982,0.19747636534104226,0.1530978982733026,0.027502148605359794,0.06523947183373702,0.11021916939076702,0.05115791506324051,0.07250934469869381,0.07115763920497649,0.15065999089667728,0.23275541027020316,0.13250851712390174,0.17903201335153998
3304557083,Gardenia Azul,Rio de Janeiro,RJ,18215,1837.0,641865.0,Barra e Jacarepaguá,Jacarepaguá,0.768,0.8419473684210527,934996,30.087873055019852,147.33478929062525,33460955.0,5567.264487762515,6390,0.005007824726134585,0.010328638497652582,0.04475743348982786,0.12331768388106416,0.32316118935837246,0.34413145539906104,0.0647887323943662,0.08450704225352113,0.1368652209717266,0.06456217403239088,0.08350260774087291,0.0915179796870711,0.1902278342025803,0.22992039527861652,0.10255284106505627,0.10085094702168543
3304557136,Grumari,Rio de Janeiro,RJ,173,654.0,835491.0,Barra e Jacarepaguá,Barra da Tijuca,0.894,0.8419473684210527,934996,30.087873055019852,0.0682984603237268,113142.0,5567.264487762515,46,0.0,0.0,0.0,0.0,0.10869565217391304,0.3695652173913043,0.17391304347826086,0.34782608695652173,0.1907514450867052,0.07514450867052024,0.12716763005780346,0.09826589595375723,0.16184971098265896,0.21965317919075145,0.057803468208092484,0.06936416184971098
3304557130,Itanhanga,Rio de Janeiro,RJ,39500,4313.0,493011.0,Barra e Jacarepaguá,Barra da Tijuca,0.746,0.8419473684210527,934996,30.087873055019852,27.35779142973896,170363500.0,5567.264487762515,13559,0.031639501438159155,0.025223099048602406,0.07161295080758168,0.1486835312338668,0.3309978611992035,0.26735009956486466,0.05280625414853603,0.07168670255918579,0.15468354430379747,0.0620253164556962,0.08162025316455696,0.09779746835443039,0.20767088607594936,0.23587341772151899,0.08615189873417721,0.07417721518987341
3304557081,Jacarepagua,Rio de Janeiro,RJ,161748,2160.0,94671.0,Barra e Jacarepaguá,Jacarepaguá,0.769,0.8419473684210527,934996,30.087873055019852,21.33979977940905,349375680.0,5567.264487762515,56013,0.0075339653294770855,0.022209130023387428,0.060789459589738096,0.1425383393140878,0.30410797493439023,0.2840233517219217,0.05673682895042222,0.12206095013657543,0.154320300714692,0.06414917031431609,0.08577540371441997,0.1009038751638351,0.2013749783614017,0.22067042560031655,0.08964562158419269,0.08316022454682592
3304557129,Joa,Rio de Janeiro,RJ,842,17659.0,1162364.0,Barra e Jacarepaguá,Barra da Tijuca,0.972,0.8419473684210527,934996,30.087873055019852,4.983133100550393,14868878.0,5567.264487762515,263,0.30038022813688214,0.22433460076045628,0.21673003802281368,0.12547528517110265,0.026615969581749048,0.030418250950570342,0.0,0.07604562737642585,0.07244655581947744,0.0344418052256532,0.04156769596199525,0.05463182897862233,0.15558194774346792,0.22802850356294538,0.15676959619952494,0.25653206650831356
3304557087,Pechincha,Rio de Janeiro,RJ,35689,3089.0,1121587.0,Barra e Jacarepaguá,Jacarepaguá,0.9,0.8419473684210527,934996,30.087873055019852,126.06944787876648,110243321.0,5567.264487762515,13226,0.0,0.0570845304702858,0.26553757749886586,0.23665507334039015,0.2188870406774535,0.11651292907908664,0.010887645546650537,0.0944352033872675,0.10126369469584466,0.04693322872593796,0.06416542912381966,0.0662108773011292,0.16615763960884306,0.2252514780464569,0.14225671775617138,0.1877609347417972
3304557090,Praca Seca,Rio de Janeiro,RJ,65958,2162.0,848230.0,Barra e Jacarepaguá,Jacarepaguá,0.845,0.8419473684210527,934996,30.087873055019852,101.47384615384615,142601196.0,5567.264487762515,22165,0.0,0.02183622828784119,0.1515452289645838,0.19891721182043762,0.28301376043311527,0.20040604556733588,0.03519061583577713,0.10909090909090909,0.12185026835258801,0.0573698414142333,0.07616968373813639,0.07116649989387186,0.15252130143424603,0.2104369447223991,0.1252312077382577,0.18525425270626764
3304557135,Recreio Dos Bandeirantes,Rio de Janeiro,RJ,84538,8407.0,1596252.0,Barra e Jacarepaguá,Barra da Tijuca,0.894,0.8419473684210527,934996,30.087873055019852,27.57669071882462,710710966.0,5567.264487762515,30047,0.09368655772622891,0.14334209738077014,0.2510733184677339,0.13349086431257695,0.15798582221186808,0.11112590275235465,0.026624954238359904,0.08267048291010749,0.11949655776100689,0.05002484089995032,0.06865551586268896,0.07597766684804466,0.1769618396460763,0.24135891551728217,0.12599067874801864,0.14153398471693204
3304557089,Tanque,Rio de Janeiro,RJ,38925,1897.0,778067.0,Barra e Jacarepaguá,Jacarepaguá,0.831,0.8419473684210527,934996,30.087873055019852,69.9084051724138,73840725.0,5567.264487762515,13320,0.0,0.007957957957957958,0.13295795795795795,0.18716216216216217,0.2855105105105105,0.2204954954954955,0.05405405405405406,0.11186186186186187,0.12285163776493256,0.05795761078998073,0.07581245985870264,0.07624919717405267,0.1589723827874117,0.2178548490687219,0.1272447013487476,0.16305716120745023
3304557088,Taquara,Rio de Janeiro,RJ,105009,2986.0,1014058.0,Barra e Jacarepaguá,Jacarepaguá,0.876,0.8419473684210527,934996,30.087873055019852,79.5125164690382,313556874.0,5567.264487762515,35897,0.003955762319971028,0.025043875532774325,0.17943003593615064,0.2111875644204251,0.26960470234281414,0.19316377413154304,0.030949661531604312,0.08666462378471738,0.10555285737412984,0.052128865144892345,0.07600300926587245,0.0764505899494329,0.15317734670361588,0.22180955918064166,0.13615023474178403,0.1787275376396309
3304557134,Vargem Grande,Rio de Janeiro,RJ,14436,1884.0,768425.0,Barra e Jacarepaguá,Barra da Tijuca,0.746,0.8419473684210527,934996,30.087873055019852,3.6657829783344,27197424.0,5567.264487762515,4736,0.0029560810810810812,0.024282094594594593,0.10578547297297297,0.10536317567567567,0.2719594594594595,0.28188344594594594,0.05764358108108108,0.1501266891891892,0.1472014408423386,0.06947908007758381,0.08742033804377944,0.07959268495428097,0.17262399556663896,0.22513161540592963,0.11076475477971737,0.10778609032973123
3304557133,Vargem Pequena,Rio de Janeiro,RJ,28018,1740.0,560631.0,Barra e Jacarepaguá,Barra da Tijuca,0.746,0.8419473684210527,934996,30.087873055019852,19.405331652618383,48751320.0,5567.264487762515,8929,0.003471833351999104,0.017919139881285698,0.07761227461081868,0.10202710269907045,0.2898420875797962,0.3242244372270131,0.0556613282562437,0.1292417963937731,0.16228852880291242,0.07231065743450639,0.09647369548147619,0.09286887001213505,0.1788136198158327,0.23242201441930188,0.08676565065315155,0.07805696338068385
3304557091,Vila Valqueire,Rio de Janeiro,RJ,33190,3189.0,1127042.0,Barra e Jacarepaguá,Jacarepaguá,0.904,0.8419473684210527,934996,30.087873055019852,78.42256982184206,105842910.0,5567.264487762515,11327,0.0,0.07998587445925665,0.2530237485653748,0.19784585503663812,0.2632647656043083,0.10594155557517436,0.03178246667255231,0.06815573408669551,0.09539017776438687,0.048779752937631815,0.06794215125037661,0.07008134980415788,0.14317565531786683,0.21642060861705334,0.14914130762277794,0.20906899668574871
3304557115,Bancarios,Rio de Janeiro,RJ,12864,1962.0,808554.0,Ilha do Governador,Ilha do Governador,0.861,0.8555333333333335,218136,47.193213606537164,131.53374233128835,25239168.0,2787.4919087174976,4337,0.0,0.018907078625778187,0.11321189762508646,0.17293059718699563,0.30274383214203365,0.27138575051879177,0.039658750288217665,0.0811620936130966,0.11909203980099503,0.052083333333333336,0.07486007462686567,0.08364427860696518,0.16192475124378108,0.2199160447761194,0.1242226368159204,0.1642568407960199
3304557111,Cacuia,Rio de Janeiro,RJ,11325,2022.0,852714.0,Ilha do Governador,Ilha do Governador,0.859,0.8555333333333335,218136,47.193213606537164,54.74452554744526,22899150.0,2787.4919087174976,3998,0.0,0.01775887943971986,0.11830915457728865,0.22586293146573286,0.2903951975987994,0.17808904452226113,0.030015007503751877,0.13956978489244623,0.11090507726269316,0.05192052980132451,0.07214128035320089,0.07161147902869758,0.15673289183222958,0.2236644591611479,0.12856512141280355,0.18445916114790287
3304557123,Cidade Universitaria,Rio de Janeiro,RJ,1442,1934.0,855182.0,Ilha do Governador,Ilha do Governador,0.778,0.8555333333333335,218136,47.193213606537164,1.524586870790734,2788828.0,2787.4919087174976,448,0.0,0.006696428571428571,0.10044642857142858,0.32589285714285715,0.3549107142857143,0.14285714285714285,0.017857142857142856,0.05133928571428571,0.12552011095700416,0.07766990291262135,0.09916782246879334,0.08599167822468794,0.14008321775312066,0.2593619972260749,0.10471567267683772,0.10748959778085991
3304557114,Cocota,Rio de Janeiro,RJ,5012,2927.0,912281.0,Ilha do Governador,Ilha do Governador,0.861,0.8555333333333335,218136,47.193213606537164,102.26484390940625,14670124.0,2787.4919087174976,1809,0.0,0.06246545052515202,0.20674405749032615,0.2470978441127695,0.2581536760641238,0.14206744057490325,0.014925373134328358,0.0685461580983969,0.0762170790103751,0.04349561053471668,0.05626496408619314,0.06883479648842777,0.15143655227454111,0.20790103750997604,0.1534317637669593,0.24241819632881084
3304557116,Freguesia (Ilha Do Governador),Rio de Janeiro,RJ,19984,2125.0,796321.0,Ilha do Governador,Ilha do Governador,0.839,0.8555333333333335,218136,47.193213606537164,49.26535844591263,42466000.0,2787.4919087174976,6980,0.0,0.02865329512893983,0.1333810888252149,0.17808022922636102,0.2670487106017192,0.2600286532951289,0.04355300859598854,0.08925501432664756,0.11564251401120897,0.056244995996797435,0.07490992794235388,0.08216573258606885,0.16613290632506006,0.22252802241793435,0.12104683746997598,0.16132906325060048
3304557122,Galeao,Rio de Janeiro,RJ,23620,1740.0,684686.0,Ilha do Governador,Ilha do Governador,0.778,0.8555333333333335,218136,47.193213606537164,12.459514490383702,41098800.0,2787.4919087174976,7274,0.0,0.01168545504536706,0.10544404729172395,0.14888644487214736,0.27591421501237284,0.2756392631289524,0.04784162771514985,0.1345889469342865,0.15402201524132092,0.07298899237933955,0.10207451312447079,0.08137171888230313,0.16253175275190518,0.24068585944115156,0.0960203217612193,0.09030482641828959
3304557118,Jardim Carioca,Rio de Janeiro,RJ,25549,1943.0,795430.0,Ilha do Governador,Ilha do Governador,0.836,0.8555333333333335,218136,47.193213606537164,157.60286225402504,49641707.0,2787.4919087174976,8962,0.0,0.009261325596964963,0.14784646284311537,0.1652532916759652,0.2955813434501227,0.2423566168266012,0.04206650301272037,0.09763445659451016,0.1176954088222631,0.05166542721828643,0.07150964812712826,0.07796782652941407,0.16313750048925593,0.21629026576382637,0.12978981564836198,0.17194410740146385
3304557117,Jardim Guanabara,Rio de Janeiro,RJ,33122,6499.0,1448872.0,Ilha do Governador,Ilha do Governador,0.963,0.8555333333333335,218136,47.193213606537164,103.31576156461524,215259878.0,2787.4919087174976,11980,0.06752921535893155,0.15225375626043405,0.34724540901502504,0.18380634390651085,0.12762938230383974,0.0666110183639399,0.022120200333889815,0.032804674457429045,0.08169796509872593,0.0400640057967514,0.057725982730511445,0.06503230481251132,0.1479077350401546,0.22045770182959967,0.1485719461385182,0.23854235855322747
3304557120,Monero,Rio de Janeiro,RJ,6381,3669.0,978197.0,Ilha do Governador,Ilha do Governador,0.904,0.8555333333333335,218136,47.193213606537164,122.57011140991163,23411889.0,2787.4919087174976,2413,0.0,0.10153336096145876,0.3431413178615831,0.2673021135515955,0.17364276833816825,0.06713634479900539,0.012432656444260257,0.03481143804392872,0.07130543801911926,0.03886538160162984,0.05124588622472966,0.061275662121924465,0.15749882463563705,0.2107820090894844,0.14605861150289923,0.26296818680457607
3304557112,Pitangueiras,Rio de Janeiro,RJ,12088,1688.0,810599.0,Ilha do Governador,Ilha do Governador,0.858,0.8555333333333335,218136,47.193213606537164,200.09932130441982,20404544.0,2787.4919087174976,4155,0.0,0.022382671480144403,0.07942238267148015,0.13574007220216608,0.2589651022864019,0.25246690734055355,0.044524669073405534,0.20649819494584837,0.1251654533421575,0.057660489741892786,0.07817670416942422,0.07445400397088021,0.15205162144275314,0.22030112508272667,0.1257445400397088,0.16644606221045666
3304557121,Portuguesa,Rio de Janeiro,RJ,24529,2511.0,950834.0,Ilha do Governador,Ilha do Governador,0.904,0.8555333333333335,218136,47.193213606537164,206.75151719487525,61592319.0,2787.4919087174976,8808,0.0,0.03746594005449591,0.18732970027247955,0.23944141689373297,0.24477747502270664,0.16700726612170755,0.03258401453224342,0.09139418710263397,0.09670186310081944,0.04749480207101798,0.06306820498185821,0.07489094541155367,0.15830241754657753,0.2053080027722288,0.13062089771291124,0.22361286640303316
3304557113,Praia Da Bandeira,Rio de Janeiro,RJ,6116,2699.0,893640.0,Ilha do Governador,Ilha do Governador,0.858,0.8555333333333335,218136,47.193213606537164,161.20189773326305,16507084.0,2787.4919087174976,2264,0.0,0.037544169611307424,0.19964664310954064,0.28224381625441697,0.2778268551236749,0.10777385159010601,0.01678445229681979,0.07818021201413428,0.10170045781556573,0.04512753433616743,0.058207979071288427,0.06654676258992806,0.18459777632439503,0.2223675604970569,0.12442773054283846,0.19702419882275998
3304557109,Ribeira,Rio de Janeiro,RJ,3629,3420.0,928239.0,Ilha do Governador,Ilha do Governador,0.859,0.8555333333333335,218136,47.193213606537164,42.10465251189233,12411180.0,2787.4919087174976,1340,0.0,0.0873134328358209,0.2791044776119403,0.23507462686567165,0.21641791044776118,0.08358208955223881,0.017164179104477612,0.08134328358208955,0.09341416368145494,0.041333700744006614,0.05648939101680904,0.06310278313585009,0.13281895839074126,0.212455221824194,0.1592725268669055,0.24111325434003858
3304557119,Taua,Rio de Janeiro,RJ,30403,1704.0,752629.0,Ilha do Governador,Ilha do Governador,0.817,0.8555333333333335,218136,47.193213606537164,181.78176382660686,51806712.0,2787.4919087174976,10408,0.0,0.013259031514219831,0.10386241352805534,0.15862797847809376,0.2568216756341276,0.2370292083013067,0.04189085318985396,0.18850883935434282,0.1318290958129132,0.058645528401802455,0.07887379534914318,0.08032102095187975,0.16215505048843865,0.21395914876821368,0.11844225898759991,0.1557741012400092
3304557110,Zumbi,Rio de Janeiro,RJ,2072,3791.0,919451.0,Ilha do Governador,Ilha do Governador,0.858,0.8555333333333335,218136,47.193213606537164,128.61576660459343,7854952.0,2787.4919087174976,776,0.0,0.11469072164948453,0.3015463917525773,0.22809278350515463,0.18943298969072164,0.09278350515463918,0.01288659793814433,0.06056701030927835,0.08445945945945946,0.03571428571428571,0.05791505791505792,0.0583976833976834,0.15347490347490347,0.20125482625482624,0.15154440154440155,0.25723938223938225
3304557099,Bangu,Rio de Janeiro,RJ,249987,1550.0,35465.0,Zona Oeste,Bangu,0.794,0.8071904761904763,2082428,34.91295099829345,54.69349266740908,387479850.0,1548.2428448906762,81499,0.0,0.006085964244960061,0.06436888796181549,0.16287316408790292,0.29893618326605237,0.2754266923520534,0.056000687124995396,0.1363084209622204,0.13061079176117157,0.06379931756451336,0.08370835283434738,0.08058819058591046,0.15100785240832523,0.2123710432942513,0.12499049950597431,0.15292395204550638
3304557143,Barra De Guaratiba,Rio de Janeiro,RJ,3678,1479.0,846531.0,Zona Oeste,Guaratiba,0.744,0.8071904761904763,2082428,34.91295099829345,3.895361152298242,5439762.0,1548.2428448906762,1243,0.0,0.0,0.07401448109412712,0.17699115044247787,0.28962188254223653,0.18101367658889783,0.061142397425583264,0.2172164119066774,0.10440456769983687,0.055736813485589995,0.08319738988580751,0.08075040783034258,0.14138118542686243,0.2240348015225666,0.1362153344208809,0.1742794997281131
3304557094,Campo Dos Afonsos,Rio de Janeiro,RJ,1403,5876.0,935061.0,Zona Oeste,Realengo,0.856,0.8071904761904763,2082428,34.91295099829345,4.313870184177351,8244028.0,1548.2428448906762,399,0.0,0.2857142857142857,0.42105263157894735,0.22055137844611528,0.06015037593984962,0.007518796992481203,0.0,0.005012531328320802,0.1482537419814683,0.08909479686386315,0.11831789023521026,0.07341411261582323,0.08909479686386315,0.406272273699216,0.05131860299358518,0.024233784746970778
3304557102,Campo Grande,Rio de Janeiro,RJ,667603,1856.0,69645.0,Zona Oeste,Campo Grande,0.81,0.8071904761904763,2082428,34.91295099829345,56.04208341972696,1239071168.0,1548.2428448906762,111163,0.0,0.012495164758057987,0.10567365040526075,0.19104378255354748,0.2978598994269676,0.23190270143842825,0.04458317965510107,0.11644162176263685,0.18360912098957016,0.08378482421439089,0.09338184519841881,0.09072307943493363,0.12899282957086772,0.15775243670265113,0.12483616760260215,0.13691969628656553
3304557105,Cosmos,Rio de Janeiro,RJ,79116,1308.0,219983.0,Zona Oeste,Campo Grande,0.759,0.8071904761904763,2082428,34.91295099829345,70.25476632360385,103483728.0,1548.2428448906762,25524,0.0,0.0,0.040432534085566525,0.13011283497884343,0.307945463093559,0.2762106252938411,0.07498824635637047,0.17031029619181948,0.14565953789372568,0.07218514586177259,0.09029779058597502,0.0818797714747965,0.15468426108498912,0.22378532787299663,0.10714646847666717,0.12436169674907731
3304557092,Deodoro,Rio de Janeiro,RJ,11148,1416.0,808624.0,Zona Oeste,Realengo,0.856,0.8071904761904763,2082428,34.91295099829345,24.02327335416442,15785568.0,1548.2428448906762,3492,0.0,0.003150057273768614,0.05813287514318442,0.14633447880870562,0.2623138602520046,0.2754868270332188,0.0506872852233677,0.20389461626575028,0.1356297093649085,0.07337639038392536,0.08575529242913527,0.07454251883745963,0.14298528884104772,0.2098134194474345,0.12477574452816649,0.1531216361679225
3304557160,Gericino,Rio de Janeiro,RJ,15596,1225.0,757466.0,Zona Oeste,Bangu,0.75,0.8071904761904763,2082428,34.91295099829345,78.9311199959512,19105100.0,1548.2428448906762,829,0.0,0.0,0.031363088057901084,0.12545235223160434,0.24607961399276237,0.3365500603136309,0.08082026537997587,0.17973462002412546,0.02917414721723519,0.012887919979481919,0.057001795332136444,0.23865093613747115,0.36637599384457553,0.23070017953321365,0.042639138240574505,0.022569889715311618
3304557142,Guaratiba,Rio de Janeiro,RJ,112994,1237.0,69304.0,Zona Oeste,Guaratiba,0.744,0.8071904761904763,2082428,34.91295099829345,8.099858639208838,139773578.0,1548.2428448906762,35414,0.0,0.0,0.040351273507652344,0.1148133506522844,0.26277743265375275,0.31247529225729936,0.06463545490483989,0.20494719602417122,0.16007929624581838,0.0749951324849107,0.0912172327734216,0.08026089880878631,0.16577871391401314,0.2236313432571641,0.09567764660070446,0.10835973591518133
3304557104,Inhoaiba,Rio de Janeiro,RJ,66391,1227.0,346884.0,Zona Oeste,Campo Grande,0.977,0.8071904761904763,2082428,34.91295099829345,80.10593757164058,81461757.0,1548.2428448906762,21063,0.0,0.0,0.02834354080615297,0.14651284242510562,0.25447467122442197,0.3181408156482932,0.06067511750462897,0.19185301239139724,0.1510746938591074,0.07470892138994743,0.09499781596903195,0.08160744679248694,0.15780753415372564,0.21453209019294783,0.10852374568842163,0.11674775195433115
3304557095,Jardim Sulacap,Rio de Janeiro,RJ,13431,3039.0,959473.0,Zona Oeste,Realengo,0.856,0.8071904761904763,2082428,34.91295099829345,17.067808671783663,40816809.0,1548.2428448906762,4655,0.0,0.05692803437164339,0.2745435016111708,0.24983888292158968,0.21117078410311493,0.12352309344790548,0.016756176154672394,0.06723952738990333,0.10267292085473903,0.053086143995234904,0.06916834189561462,0.06306306306306306,0.152185243094334,0.24756161119797485,0.13677313677313677,0.17548953912590276
3304557096,Magalhaes Bastos,Rio de Janeiro,RJ,25119,1550.0,754735.0,Zona Oeste,Realengo,0.802,0.8071904761904763,2082428,34.91295099829345,127.12687889063211,38934450.0,1548.2428448906762,8579,0.0,0.0073435132299801845,0.045809534910828766,0.2058514978435715,0.29653805804872363,0.25993705560088587,0.041613241636554374,0.14290709872945564,0.12102392611170827,0.05812333293522831,0.08137266610931963,0.08113380309725705,0.14893108802101995,0.21027907161909312,0.13181257215653489,0.16732353994983876
3304557106,Paciencia,Rio de Janeiro,RJ,97298,1241.0,167586.0,Zona Oeste,Santa Cruz,0.751,0.8071904761904763,2082428,34.91295099829345,33.04061396359685,120746818.0,1548.2428448906762,30420,0.0,0.0,0.03126232741617357,0.13182117028270873,0.2831360946745562,0.29884944115713347,0.06252465483234713,0.19240631163708086,0.1522127895742975,0.0735575243067689,0.09205739069662275,0.08099858167691011,0.15661164669366276,0.2103023700384386,0.11163641595921807,0.12262328105408128
3304557098,Padre Miguel,Rio de Janeiro,RJ,66040,1602.0,629794.0,Zona Oeste,Bangu,0.804,0.8071904761904763,2082428,34.91295099829345,135.72279995067615,105796080.0,1548.2428448906762,22433,0.0,0.0036999063879106673,0.07792092007310658,0.1838808897606205,0.296482860072215,0.26041991708643514,0.05344804529042036,0.12414746132929166,0.12387946698970322,0.058706844336765596,0.07886129618413083,0.07321320411871593,0.14839491217443973,0.21132646880678377,0.1334191399152029,0.17219866747425802
3304557144,Pedra De Guaratiba,Rio de Janeiro,RJ,9666,1522.0,832018.0,Zona Oeste,Guaratiba,0.894,0.8071904761904763,2082428,34.91295099829345,26.57757980697847,14711652.0,1548.2428448906762,3234,0.0,0.0,0.07142857142857142,0.20470006184291897,0.27087198515769945,0.24211502782931354,0.04638218923933209,0.1645021645021645,0.11783571280777985,0.055348644734119594,0.0739706186633561,0.07138423339540657,0.14638940616594248,0.21394578936478378,0.13283674736188703,0.1882888475067246
3304557097,Realengo,Rio de Janeiro,RJ,185206,1576.0,89769.0,Zona Oeste,Realengo,0.845,0.8071904761904763,2082428,34.91295099829345,71.08489226305164,291884656.0,1548.2428448906762,62835,0.0,0.003851356727938251,0.07242778706135115,0.17846741465743615,0.2934988461844513,0.26038036126362696,0.05826370653298321,0.13311052757221295,0.12695593015345075,0.06121291966782934,0.08035916762955844,0.07695215057827501,0.14981696057363153,0.21261730181527597,0.12797641545090332,0.16410915413107566
3304557107,Santa Cruz,Rio de Janeiro,RJ,223440,1188.0,43346.0,Zona Oeste,Santa Cruz,0.742,0.8071904761904763,2082428,34.91295099829345,17.868867273438294,265446720.0,1548.2428448906762,70093,0.0,0.0,0.029346725065270425,0.1185567745709272,0.2590986261110239,0.31615139885580584,0.0652276261538242,0.2116188492431484,0.1592015753669889,0.07341120658789832,0.09397601145721446,0.08096133190118153,0.15528553526673827,0.2093358395989975,0.10686537773003939,0.12096312209094164
3304557101,Santissimo,Rio de Janeiro,RJ,42629,1400.0,536367.0,Zona Oeste,Campo Grande,0.78,0.8071904761904763,2082428,34.91295099829345,51.23924227126304,59680600.0,1548.2428448906762,13921,0.0,0.0,0.04827239422455283,0.16428417498742906,0.2990446088643057,0.30752101142159327,0.05186409022340349,0.1290137202787156,0.13460320439137677,0.06380632902484225,0.08698303971474818,0.0773182575242206,0.15599709118205915,0.23193131436346148,0.11844049825236341,0.13092026554692815
3304557100,Senador Camara,Rio de Janeiro,RJ,108492,1287.0,197681.0,Zona Oeste,Bangu,0.768,0.8071904761904763,2082428,34.91295099829345,62.94536403669086,139629204.0,1548.2428448906762,36110,0.0,0.001661589587371919,0.0464968152866242,0.12348379950152312,0.2674051509277209,0.27959014123511494,0.060177236222653,0.22118526723899196,0.14376175201858202,0.0661615602993769,0.086255207757254,0.0831766397522398,0.1550160380488884,0.20721343509198836,0.1171791468495373,0.14123622018213325
3304557103,Senador Vasconcelos,Rio de Janeiro,RJ,31463,1513.0,689701.0,Zona Oeste,Campo Grande,0.802,0.8071904761904763,2082428,34.91295099829345,48.84193858859325,47603519.0,1548.2428448906762,10422,0.0,0.0,0.05776242563807331,0.19458837075417387,0.2867012089810017,0.26895029744770677,0.04816733832277874,0.1438303588562656,0.13012109461907637,0.06509233067412516,0.08727711915583383,0.0764389918316753,0.1573594380701141,0.22105330070241236,0.12249308711820234,0.14016463782856053
3304557108,Sepetiba,Rio de Janeiro,RJ,58172,1139.0,450723.0,Zona Oeste,Santa Cruz,0.761,0.8071904761904763,2082428,34.91295099829345,50.05636202490255,66257908.0,1548.2428448906762,18915,0.0,0.0,0.022363203806502776,0.11556965371398362,0.26069257203277824,0.3091197462331483,0.05989955062120011,0.232355273592387,0.1585298769167297,0.07319672694767242,0.0892009901670907,0.07555181186825277,0.13881248710719934,0.20386096403768136,0.11373169222306265,0.14711545073231108
3304557093,Vila Militar,Rio de Janeiro,RJ,13556,2416.0,849731.0,Zona Oeste,Realengo,0.856,0.8071904761904763,2082428,34.91295099829345,12.602378052748518,32751296.0,1548.2428448906762,4405,0.0,0.04971623155505108,0.16208853575482407,0.1879682179341657,0.23859250851305336,0.229738933030647,0.02633371169125993,0.10556186152099886,0.13927412215992918,0.058055473591029805,0.07686633225140159,0.07244024786072588,0.18751844201829448,0.21451755680141635,0.11271761581587489,0.13861020950132782
3304557028,Benfica,Rio de Janeiro,RJ,25789,1294.0,662520.0,Centro e Centro Histórico,São Cristóvão,0.825,0.8240666666666666,304280,88.10720656026315,148.51992628426632,33370966.0,1723.2790653345603,8251,0.0,0.0,0.030299357653617742,0.1514967882680887,0.2981456793115986,0.29450975639316446,0.05017573627439098,0.1753726820991395,0.12951258288417541,0.05909496296870759,0.071658459032921,0.08581178021637133,0.17891349024778005,0.21761216022335103,0.11264492613129629,0.14475163829539725
3304557004,Caju,Rio de Janeiro,RJ,21055,1037.0,635348.0,Centro e Centro Histórico,Portuária,0.753,0.8240666666666666,304280,88.10720656026315,39.373539036933145,21834035.0,1723.2790653345603,6875,0.0,0.0,0.016727272727272726,0.07970909090909091,0.28450909090909093,0.29410909090909093,0.061672727272727275,0.26327272727272727,0.15996200427451912,0.06843980052244122,0.08411303728330563,0.10121111374970315,0.16931845167418666,0.20717169318451675,0.0915222037520779,0.11826169555924959
3304557005,Catumbi,Rio de Janeiro,RJ,12910,1237.0,791170.0,Centro e Centro Histórico,Rio Comprido,0.802,0.8240666666666666,304280,88.10720656026315,239.2956441149212,15969670.0,1723.2790653345603,4272,0.0,0.004213483146067416,0.061095505617977525,0.149812734082397,0.29985955056179775,0.26685393258426965,0.05360486891385768,0.16455992509363296,0.1373353989155693,0.06235476374903176,0.07885360185902401,0.07738187451587916,0.15375677769171184,0.19566227730441518,0.117428350116189,0.1772269558481797
3304557001,Centro,Rio de Janeiro,RJ,42277,2186.0,825608.0,Centro e Centro Histórico,Centro,0.894,0.8240666666666666,304280,88.10720656026315,73.87080428439134,92417522.0,1723.2790653345603,20810,0.0,0.01648246035559827,0.14483421432003846,0.24320038443056222,0.30691975012013456,0.1743392599711677,0.03330129745314753,0.08092263334935128,0.06350970977127043,0.03013458854696407,0.04804030560351964,0.06847694964164912,0.17070747687868107,0.22144428412612058,0.14982141589989828,0.24786526953189678
3304557007,Cidade Nova,Rio de Janeiro,RJ,5621,1809.0,837355.0,Centro e Centro Histórico,Rio Comprido,0.867,0.8240666666666666,304280,88.10720656026315,60.130509199828836,10168389.0,1723.2790653345603,2046,0.0,0.008797653958944282,0.0992179863147605,0.18621700879765396,0.32942326490713586,0.23313782991202345,0.03519061583577713,0.10801564027370479,0.11812844689557019,0.053904999110478566,0.07311866215975805,0.07489770503469134,0.1709660202810888,0.20334460060487458,0.1295143212951432,0.1761252446183953
3304557008,Estacio,Rio de Janeiro,RJ,17675,1631.0,764380.0,Centro e Centro Histórico,Rio Comprido,0.829,0.8240666666666666,304280,88.10720656026315,180.28355773153814,28827925.0,1723.2790653345603,6098,0.0,0.008199409642505739,0.08822564775336175,0.1487372909150541,0.28861921941620206,0.2597572974745818,0.050836339783535585,0.15562479501475893,0.12707213578500706,0.055445544554455446,0.07734087694483734,0.08271570014144272,0.16186704384724188,0.21001414427157,0.11445544554455446,0.1710891089108911
3304557002,Gamboa,Rio de Janeiro,RJ,13480,1133.0,736698.0,Centro e Centro Histórico,Portuária,0.792,0.8240666666666666,304280,88.10720656026315,121.12498876808338,15272840.0,1723.2790653345603,4423,0.0,0.0,0.02057427085688447,0.10852362649785213,0.30160524530861405,0.28329188333710154,0.054261813248926066,0.23174316075062176,0.14132047477744808,0.06921364985163204,0.08456973293768547,0.09146884272997033,0.16283382789317508,0.21357566765578634,0.11060830860534125,0.12640949554896141
3304557027,Mangueira,Rio de Janeiro,RJ,18340,1045.0,711591.0,Centro e Centro Histórico,São Cristóvão,0.8,0.8240666666666666,304280,88.10720656026315,229.79576494173662,19165300.0,1723.2790653345603,5388,0.0,0.0,0.018374164810690423,0.08815887156644395,0.23533778767631774,0.34094283593170005,0.07052709725315516,0.24665924276169265,0.17895310796074154,0.07780806979280262,0.09073064340239913,0.0916030534351145,0.15948745910577972,0.18991275899672846,0.10321701199563794,0.10828789531079608
3304557153,Paqueta,Rio de Janeiro,RJ,3270,1696.0,854818.0,Centro e Centro Histórico,Ilha de Paquetá,0.822,0.8240666666666666,304280,88.10720656026315,19.17101483262004,5545920.0,1723.2790653345603,1251,0.0,0.007993605115907274,0.09192645883293366,0.1950439648281375,0.3037569944044764,0.26298960831334933,0.05195843325339728,0.08633093525179857,0.11284403669724771,0.048318042813455656,0.07003058103975535,0.05963302752293578,0.11896024464831804,0.1730886850152905,0.15045871559633028,0.26666666666666666
3304557006,Rio Comprido,Rio de Janeiro,RJ,44998,2053.0,789463.0,Centro e Centro Histórico,Rio Comprido,0.849,0.8240666666666666,304280,88.10720656026315,134.62378459237098,92380894.0,1723.2790653345603,15224,0.0,0.025420388859695216,0.13918812401471362,0.18227798213347346,0.24402259590120862,0.25814503415659484,0.040528113504992115,0.11041776142932212,0.11849415529579092,0.053269034179296855,0.07662562780568025,0.0834925996710965,0.1591181830303569,0.20834259300413352,0.1228276812302769,0.17783012578336815
3304557128,Santa Teresa,Rio de Janeiro,RJ,42081,2287.0,703465.0,Centro e Centro Histórico,Santa Teresa,0.878,0.8240666666666666,304280,88.10720656026315,81.59818502646836,96239247.0,1723.2790653345603,16253,0.009229065403310158,0.027871777517996677,0.14089706515720174,0.17166061650156894,0.30037531532640127,0.21583707623208023,0.03783916815357165,0.09628991570786932,0.10315819490981679,0.05061666785485136,0.06860578408307787,0.08314916470616193,0.18022385399586513,0.23321689123357334,0.12359497160238588,0.1574344716142677
3304557003,Santo Cristo,Rio de Janeiro,RJ,12678,1237.0,752007.0,Centro e Centro Histórico,Portuária,0.792,0.8240666666666666,304280,88.10720656026315,75.253754377634,15682686.0,1723.2790653345603,4318,0.0,0.0,0.028022232515053265,0.12436313107920334,0.332561371005095,0.2797591477535896,0.044696618805002315,0.1905974988420565,0.128490298154283,0.05742230635746963,0.07587947625808487,0.08195298943050955,0.16674554346111373,0.21683230793500552,0.12257453857075248,0.15010253983278118
3304557026,Sao Cristovao,Rio de Janeiro,RJ,25371,1946.0,828172.0,Centro e Centro Histórico,São Cristóvão,0.833,0.8240666666666666,304280,88.10720656026315,61.79608339828527,49371966.0,1723.2790653345603,9114,0.0,0.01294711432960281,0.13243361860873382,0.19201228878648233,0.3130348913759052,0.19870528856703973,0.03675663813912662,0.1141101601931095,0.1054747546411257,0.049663001064207166,0.07047416341492255,0.07709589689015017,0.15379764297820345,0.21307792361357455,0.1316463679003587,0.19877024949745772
3304557152,Saude,Rio de Janeiro,RJ,2827,1222.0,828677.0,Centro e Centro Histórico,Portuária,0.792,0.8240666666666666,304280,88.10720656026315,77.70753161077515,3454594.0,1723.2790653345603,1003,0.0,0.0,0.04386839481555334,0.12462612163509472,0.2622133599202393,0.292123629112662,0.05284147557328016,0.22432701894317048,0.09939865581888928,0.054120976299964624,0.05659709939865582,0.08878669968164131,0.20304209409267776,0.20870180403254332,0.12133003183586841,0.16802263883975946
3304557159,Vasco Da Gama,Rio de Janeiro,RJ,15908,1550.0,767430.0,Centro e Centro Histórico,São Cristóvão,0.833,0.8240666666666666,304280,88.10720656026315,158.58837603429367,24657400.0,1723.2790653345603,5668,0.0,0.0056457304163726185,0.0823923782639379,0.1492589978828511,0.28440366972477066,0.2600564573041637,0.05328158080451659,0.16496118560338743,0.12000251445813427,0.055192356047271816,0.0743022378677395,0.08297711843097813,0.1676514961025899,0.21253457379934623,0.11849383957757104,0.16884586371636912
3304557014,Botafogo,Rio de Janeiro,RJ,85229,8316.0,2211985.0,Zona Sul,Botafogo,0.952,0.9278888888888888,656056,144.9303024278172,177.5974161283601,708764364.0,10789.153086017046,37131,0.09881231316150925,0.13910209797743125,0.3142657078990601,0.16444480353343569,0.1424416255958633,0.0810374080956613,0.00999165118095392,0.04990439255608521,0.07366037381642399,0.030599913175092985,0.05174295134285278,0.06935432775229089,0.17244130518954817,0.21426979079890648,0.14110220699527157,0.24682913092961317
3304557012,Catete,Rio de Janeiro,RJ,24737,4283.0,1073403.0,Zona Sul,Botafogo,0.901,0.9278888888888888,656056,144.9303024278172,363.2452276064611,105948571.0,10789.153086017046,11042,0.031244339793515666,0.07652599166817606,0.23537402644448469,0.2240536134758196,0.2337438869769969,0.11456257924289077,0.014671255207389966,0.06982430719072631,0.07785907749525003,0.03468488499009581,0.05235072967619356,0.06706552936896147,0.16869466790637508,0.20948376925253667,0.1327565994259611,0.2571047418846263
3304557018,Copacabana,Rio de Janeiro,RJ,150524,7381.0,2384494.0,Zona Sul,Copacabana,0.956,0.9278888888888888,656056,144.9303024278172,367.13170731707316,1111017644.0,10789.153086017046,70052,0.08193913093130817,0.13158796322731686,0.27622337692000226,0.18786044652543823,0.15676925712327985,0.07825615257237481,0.014246559698509678,0.07311711300177011,0.05688129467726077,0.024760171135499987,0.04240519784220457,0.06090723074061279,0.144920411362972,0.18314023012941458,0.14521272355239032,0.34177274055964496
3304557013,Cosme Velho,Rio de Janeiro,RJ,7380,8425.0,1041359.0,Zona Sul,Botafogo,0.878,0.9278888888888888,656056,144.9303024278172,82.6890756302521,62176500.0,10789.153086017046,2499,0.11644657863145258,0.13365346138455383,0.21048419367747098,0.11484593837535013,0.1444577831132453,0.1752701080432173,0.030012004801920768,0.07482993197278912,0.11341463414634147,0.05433604336043361,0.07113821138211382,0.07628726287262873,0.1453929539295393,0.20474254742547426,0.14010840108401085,0.194579945799458
3304557009,Flamengo,Rio de Janeiro,RJ,51456,10619.0,1981817.0,Zona Sul,Botafogo,0.959,0.9278888888888888,656056,144.9303024278172,312.5554273218733,546411264.0,10789.153086017046,24557,0.1324673209268233,0.14855234759946248,0.29865211548641935,0.16455593109907563,0.14973327360833977,0.058394755059657126,0.00749277191839394,0.0401514843018284,0.05076181592039801,0.024117692786069653,0.03972325870646766,0.05925450870646766,0.1568524564676617,0.18621735074626866,0.14431747512437812,0.33875544154228854
3304557023,Gavea,Rio de Janeiro,RJ,16455,16449.0,1430429.0,Zona Sul,Lagoa,0.97,0.9278888888888888,656056,144.9303024278172,63.78895952860909,270668295.0,10789.153086017046,6805,0.1973548861131521,0.17237325495958855,0.2595150624540779,0.14386480529022777,0.11403379867744305,0.06715650257163851,0.0,0.04570168993387215,0.0735338802795503,0.033181403828623515,0.05281069583713157,0.07061683378912184,0.15302339714372531,0.2009723488301428,0.15648738985110908,0.2593740504405956
3304557010,Gloria,Rio de Janeiro,RJ,9935,4011.0,1004569.0,Zona Sul,Botafogo,0.94,0.9278888888888888,656056,144.9303024278172,87.14147881764757,39849285.0,10789.153086017046,4808,0.01975873544093178,0.06780366056572379,0.26934276206322794,0.25395174708818635,0.2533277870216306,0.08881031613976706,0.008111480865224625,0.03889351081530782,0.0498238550578762,0.02556618017111223,0.04217413185707096,0.0638147961751384,0.16607951685958733,0.20593860090588828,0.15933568193256165,0.28726723704076496
3304557016,Humaita,Rio de Janeiro,RJ,13660,9504.0,1289705.0,Zona Sul,Botafogo,0.959,0.9278888888888888,656056,144.9303024278172,129.54006638217163,129824640.0,10789.153086017046,6161,0.12968673916571985,0.18487258561921766,0.3466969647784451,0.14948871936373964,0.09154358058756695,0.05080344099983769,0.013796461613374451,0.03311150787209868,0.06669106881405563,0.02554904831625183,0.041800878477306,0.05761346998535871,0.1651537335285505,0.21390922401171303,0.1637628111273792,0.26551976573938507
3304557019,Ipanema,Rio de Janeiro,RJ,43948,17188.0,1962438.0,Zona Sul,Lagoa,0.962,0.9278888888888888,656056,144.9303024278172,142.46166812538493,755378224.0,10789.153086017046,19533,0.21568627450980393,0.17570265704192906,0.22925305892592024,0.11892694414580454,0.10960937899964163,0.0700865202477858,0.005989863308247581,0.07474530282086725,0.06965049604077546,0.029830709019750615,0.044529898971511786,0.054496222808774,0.1332028761263311,0.19716483116410302,0.14435241649221808,0.3267725493765359
3304557022,Jardim Botanico,Rio de Janeiro,RJ,18517,17984.0,1491476.0,Zona Sul,Lagoa,0.957,0.9278888888888888,656056,144.9303024278172,68.8569091179533,333009728.0,10789.153086017046,7400,0.22175675675675677,0.17202702702702702,0.25851351351351354,0.14972972972972973,0.11013513513513513,0.048783783783783785,0.0,0.03905405405405405,0.08651509423772749,0.035858940433115515,0.05103418480315386,0.05443646379003078,0.15056434627639467,0.2233083112815251,0.15240049684074095,0.24588216233731167
3304557021,Lagoa,Rio de Janeiro,RJ,21795,63887.0,1775547.0,Zona Sul,Lagoa,0.959,0.9278888888888888,656056,144.9303024278172,42.65249809193918,1392417165.0,10789.153086017046,8824,0.33046237533998185,0.242520398912058,0.21883499546690843,0.07898912058023572,0.041364460562103356,0.03467815049864007,0.0,0.05315049864007253,0.08231245698554715,0.03248451479697178,0.04835971553108511,0.057444367974306035,0.13503097040605644,0.22078458362009634,0.1649002064693737,0.25868318421656344
3304557011,Laranjeiras,Rio de Janeiro,RJ,46839,8980.0,1762798.0,Zona Sul,Botafogo,0.957,0.9278888888888888,656056,144.9303024278172,187.8443954281131,420614220.0,10789.153086017046,19902,0.12174655813486082,0.16566174253843835,0.2929856295849663,0.17420359762837906,0.1521957592201789,0.05929052356547081,0.005929052356547081,0.027987136971158677,0.07393411473344862,0.032643737056726234,0.04995836802664446,0.060078140011528856,0.15254382032067296,0.2117252716753133,0.14682209270052735,0.27229445547513825
3304557020,Leblon,Rio de Janeiro,RJ,47342,14738.0,2119774.0,Zona Sul,Lagoa,0.967,0.9278888888888888,656056,144.9303024278172,219.87831498769216,697726396.0,10789.153086017046,20779,0.2609846479618846,0.16997930603012656,0.25708648154386643,0.0896578276144184,0.09095721642042447,0.04413109389287261,0.010443235959382069,0.07676019057702488,0.06619914663512315,0.029149592328165264,0.04501288496472477,0.05048371424950361,0.1304761100080267,0.20106881838536605,0.1516834945714165,0.32592623885767397
3304557017,Leme,Rio de Janeiro,RJ,15216,8861.0,1184553.0,Zona Sul,Copacabana,0.955,0.9278888888888888,656056,144.9303024278172,155.71019238641014,134828976.0,10789.153086017046,6609,0.12331668936298987,0.16734755636253593,0.1963988500529581,0.15267060069602056,0.15448630655167198,0.09305492510213345,0.014374338023906794,0.09835073384778333,0.07229232386961093,0.03746056782334385,0.04856729758149317,0.06315720294426919,0.1571372239747634,0.19170609884332282,0.1366982124079916,0.29298107255520506
3304557156,Rocinha,Rio de Janeiro,RJ,71315,1037.0,59273.0,Zona Sul,Rocinha,0.732,0.9278888888888888,656056,144.9303024278172,496.20790425828,73953655.0,10789.153086017046,24821,0.0,0.0,0.006002981346440514,0.09258289351758592,0.27239031465291486,0.36134724628338905,0.05648442850811813,0.2111921356915515,0.1657014653298745,0.06416602397812522,0.09152352240061698,0.11014513075790507,0.20513216013461405,0.21039052092827595,0.08368505924419828,0.06925611722638995
3304557025,Sao Conrado,Rio de Janeiro,RJ,11290,17650.0,1330747.0,Zona Sul,Lagoa,0.873,0.9278888888888888,656056,144.9303024278172,17.39974724902136,199268500.0,10789.153086017046,4089,0.22964049889948643,0.23379799461971143,0.18195157740278797,0.10222548300317927,0.10564930300807043,0.08706285155294693,0.009048667155783811,0.05062362435803375,0.07838795394154119,0.04428697962798937,0.05854738706820195,0.06430469441984056,0.12967227635075287,0.21815766164747563,0.15420726306465898,0.2524357838795394
3304557015,Urca,Rio de Janeiro,RJ,7260,10573.0,1126244.0,Zona Sul,Botafogo,0.952,0.9278888888888888,656056,144.9303024278172,31.30659767141009,76759980.0,10789.153086017046,2705,0.15415896487985212,0.2188539741219963,0.3186691312384473,0.12162661737523105,0.08280961182994455,0.05767097966728281,0.0,0.04621072088724584,0.0893939393939394,0.046831955922865015,0.06487603305785124,0.06873278236914601,0.12286501377410468,0.2611570247933884,0.12603305785123967,0.22011019283746555
3304557024,Vidigal,Rio de Janeiro,RJ,13158,1495.0,700834.0,Zona Sul,Lagoa,0.873,0.9278888888888888,656056,144.9303024278172,81.15209078574073,19671210.0,10789.153086017046,4565,0.003943044906900329,0.010295728368017525,0.027163198247535596,0.08039430449069003,0.3036144578313253,0.36078860898138004,0.03263964950711939,0.18116100766703178,0.14493084055327557,0.06870345037239702,0.08656330749354005,0.08853929168566652,0.1706186350509196,0.22404620763033894,0.10769113847089223,0.10890712874297005
